,game,reward_1,reward_2,player_1,player_2,loss_1,loss_2,player_1_opt,player_1_rand,eps
248,249,1,-1,X,O,0.07008308172225952,0.07351309061050415,-1.0,-0.274,0.0
498,499,1,-1,X,O,0.10142892599105835,0.036646388471126556,-0.73,-0.068,0.0
248,249,1,-1,X,O,0.04983576387166977,0.06622599810361862,-1.0,0.24,0.2
498,499,-1,1,X,O,0.05890849977731705,0.09482036530971527,-1.0,0.61,0.2
248,249,1,-1,X,O,0.04131551459431648,0.07648138701915741,-1.0,0.172,0.4
498,499,-1,1,X,O,0.07771120220422745,0.06179023161530495,-1.0,0.652,0.4
248,249,-1,1,X,O,0.05021806061267853,0.05361045524477959,-0.57,0.51,0.5
498,499,-1,1,X,O,0.05408276617527008,0.07240236550569534,-1.0,0.688,0.5
